R&D Spend,Product Development,Administration,Marketing Spend,Advertisement,State,Profit,Loss
165349.2,82674.60,136897.8,471784.1,78630.68,New York,192261.83,19226.18
162597.7,81298.85,151377.59,443898.53,73983.09,California,191792.06,19179.21
153441.51,76720.76,101145.55,407934.54,67989.09,Florida,191050.39,19105.04
144372.41,72186.21,118671.85,383199.62,63866.60,New York,182901.99,18290.20
142107.34,71053.67,91391.77,366168.42,61028.07,Florida,166187.94,16618.79
131876.9,65938.45,99814.71,362861.36,60476.89,New York,156991.12,15699.11
134615.46,67307.73,147198.87,127716.82,21286.14,California,156122.51,15612.25
130298.13,65149.07,145530.06,323876.68,53979.45,Florida,155752.6,15575.26
120542.52,60271.26,148718.95,311613.29,51935.55,New York,152211.77,15221.18
123334.88,123334.88,108679.17,304981.62,304981.62,California,149759.96,1497599.60
101913.08,101913.08,110594.11,229160.95,229160.95,Florida,146121.95,1461219.50
100671.96,50335.98,91790.61,249744.55,41624.09,California,144259.4,14425.94
93863.75,46931.88,127320.38,249839.44,41639.91,Florida,141585.52,14158.55
91992.39,45996.20,135495.07,252664.93,42110.82,California,134307.35,13430.74
119943.24,59971.62,156547.42,256512.92,42752.15,Florida,132602.65,13260.27
114523.61,57261.81,122616.84,261776.23,43629.37,New York,129917.04,12991.70
78013.11,39006.56,121597.55,264346.06,44057.68,California,126992.93,12699.29
94657.16,47328.58,145077.58,282574.31,47095.72,New York,125370.37,12537.04
91749.16,45874.58,114175.79,294919.57,49153.26,Florida,124266.9,12426.69
86419.7,43209.85,153514.11,0,0.00,New York,122776.86,12277.69
76253.86,762538.60,113867.3,298664.47,298664.47,California,118474.03,11847403.00
78389.47,783894.70,153773.43,299737.29,299737.29,New York,111313.02,11131302.00
73994.56,739945.60,122782.75,303319.26,303319.26,Florida,110352.25,11035225.00
67532.53,675325.30,105751.03,304768.73,304768.73,Florida,108733.99,10873399.00
77044.01,770440.10,99281.34,140574.81,140574.81,New York,108552.04,10855204.00
64664.71,646647.10,139553.16,137962.62,137962.62,California,107404.34,10740434.00
75328.87,753288.70,144135.98,134050.07,134050.07,Florida,105733.54,10573354.00
72107.6,721076.00,127864.55,353183.81,353183.81,New York,105008.31,10500831.00
66051.52,660515.20,182645.56,118148.2,118148.20,Florida,103282.38,10328238.00
65605.48,656054.80,153032.06,107138.38,107138.38,New York,101004.64,10100464.00
61994.48,619944.80,115641.28,91131.24,91131.24,Florida,99937.59,9993759.00
61136.38,611363.80,152701.92,88218.23,88218.23,New York,97483.56,9748356.00
63408.86,634088.60,129219.61,46085.25,46085.25,California,97427.84,9742784.00
55493.95,554939.50,103057.49,214634.81,214634.81,Florida,96778.92,9677892.00
46426.07,464260.70,157693.92,210797.67,210797.67,California,96712.8,9671280.00
46014.02,460140.20,85047.44,205517.64,205517.64,New York,96479.51,9647951.00
28663.76,286637.60,127056.21,201126.82,201126.82,Florida,90708.19,9070819.00
44069.95,22034.98,51283.14,197029.42,32838.24,California,89949.14,8994.91
20229.59,10114.80,65947.93,185265.1,30877.52,New York,81229.06,8122.91
38558.51,19279.26,82982.09,174999.3,29166.55,California,81005.76,8100.58
28754.33,14377.17,118546.05,172795.67,28799.28,California,78239.91,7823.99
27892.92,13946.46,84710.77,164470.71,27411.79,Florida,77798.83,7779.88
23640.93,11820.47,96189.63,148001.11,24666.85,California,71498.49,7149.85
15505.73,7752.87,127382.3,35534.17,5922.36,New York,69758.98,6975.90
22177.74,11088.87,154806.14,28334.72,4722.45,California,65200.33,6520.03
1000.23,500.12,124153.04,1903.93,317.32,New York,64926.08,6492.61
1315.46,657.73,115816.21,297114.46,49519.08,Florida,49490.75,4949.08
0,0.00,135426.92,0,0.00,California,42559.73,4255.97
542.05,271.03,51743.15,0,0.00,New York,35673.41,3567.34
0,0.00,116983.8,45173.06,7528.84,California,14681.4,1468.14
87151,43575.50,123327.9523,236937.1317,39489.52,New York,123485.2464,12348.52
38772,19386.00,116183.1212,143589.7191,23931.62,California,82155.48418,8215.55
89939,44969.50,123739.6968,242316.5853,40386.10,Florida,125867.0108,12586.70
65485,32742.50,120128.2187,195132.5255,32522.09,New York,104976.1696,10497.62
47724,23862.00,117505.1933,160862.6275,26810.44,Florida,89803.10053,8980.31
30744,15372.00,114997.5096,128099.6711,21349.95,New York,75297.23305,7529.72
76381,38190.50,121737.3896,216156.3873,36026.06,California,114284.5283,11428.45
143923,71961.50,131712.2998,346478.8607,57746.48,Florida,171985.0761,17198.51
27280,13640.00,114485.9303,121415.8737,20235.98,New York,72337.96774,7233.80
141092,70546.00,131294.2049,341016.4385,56836.07,California,169566.5772,16956.66
128338,64169.00,129410.636,316407.5606,52734.59,Florida,158670.9451,15867.09
76660,38330.00,121778.5936,216694.7185,36115.79,California,114522.8756,11452.29
43088,21544.00,116820.5277,151917.4528,25319.58,Florida,85842.60573,8584.26
60955,30477.50,119459.2077,186391.8781,31065.31,California,101106.2297,10110.62
12052,6026.00,112236.9898,92033.40609,15338.90,Florida,59328.81874,5932.88
126549,63274.50,129146.4284,312955.6803,52159.28,New York,157142.6178,15714.26
22986,11493.00,113851.7728,113130.5889,18855.10,California,68669.64059,6866.96
150633,75316.50,132703.2632,359425.824,59904.30,New York,177717.3712,17771.74
53116,26558.00,118301.5084,171266.5062,28544.42,Florida,94409.4396,9440.94
157923,78961.50,133779.8836,373491.8989,62248.65,New York,183945.1553,18394.52
39157,19578.50,116239.9797,144332.5776,24055.43,California,82484.38635,8248.44
111768,55884.00,126963.503,284435.7004,47405.95,New York,144515.3371,14451.53
65903,32951.50,120189.9508,195939.0576,32656.51,Florida,105333.2634,10533.33
85800,42900.00,123128.4304,234330.3735,39055.06,Florida,122331.0988,12233.11
139796,69898.00,131102.8057,338515.8029,56419.30,New York,168459.4156,16845.94
13947,6973.50,112516.8521,95689.81377,15948.30,California,60947.70089,6094.77
133094,66547.00,130113.0238,325584.2756,54264.05,Florida,162733.9549,16273.40
155148,77574.00,133370.059,368137.5289,61356.25,New York,181574.4968,18157.45
28731,14365.50,114700.2205,124215.5821,20702.60,Florida,73577.54452,7357.75
41847,20923.50,116637.2512,149522.94,24920.49,New York,84782.43014,8478.24
140277,70138.50,131173.8419,339443.8938,56573.98,Florida,168870.3298,16887.03
27595,13797.50,114532.4509,122023.667,20337.28,New York,72607.06952,7260.71
9078,4539.00,111797.776,86295.06497,14382.51,California,56788.15621,5678.82
21586,10793.00,113645.0144,110429.2851,18404.88,Florida,67473.63267,6747.36
4330,2165.00,111096.5697,77133.786,12855.63,California,52731.98078,5273.20
106761,53380.50,126224.0464,274774.6802,45795.78,New York,140237.9002,14023.79
137618,68809.00,130781.1487,334313.346,55718.89,Florida,166598.769,16659.88
63161,31580.50,119784.9998,190648.3612,31774.73,California,102990.7964,10299.08
34384,343840.00,115535.0813,135123.0611,135123.06,New York,78406.85364,78406853.64
73431,734310.00,121301.7202,210464.3542,210464.35,California,111764.3688,11176436.88
17125,8562.50,112986.1936,101821.7734,16970.30,California,63662.63887,6366.26
109497,54748.50,126628.1113,280053.7997,46675.63,Florida,142575.2414,14257.52
78366,39183.00,122030.5434,219986.4502,36664.41,California,115980.2967,11598.03
98190,49095.00,124958.2421,258236.9123,43039.49,New York,132915.7689,13291.58
125158,62579.00,128940.9992,310271.742,51711.96,California,155954.2985,15595.43
138570,69285.00,130921.7444,336150.2326,56025.04,New York,167412.0544,16741.21
46445,23222.50,117316.3048,158394.7935,26399.13,Florida,88710.46186,8871.05
134739,67369.50,130355.9649,328758.3076,54793.05,California,164139.2642,16413.93
96620,48310.00,124726.3773,255207.593,42534.60,New York,131574.5314,13157.45
140797,70398.50,131250.6379,340447.2352,56741.21,California,169314.5613,16931.46
44017,22008.50,116957.7267,153709.9609,25618.33,New York,86636.24242,8663.62
150342,75171.00,132660.287,358864.3387,59810.72,California,177468.7724,17746.88
127529,63764.50,129291.1592,314846.5929,52474.43,Florida,157979.8234,15797.98
9261,4630.50,111824.8023,86648.16397,14441.36,New York,56944.49153,5694.45
57905,28952.50,119008.7698,180506.8948,30084.48,Florida,98500.64098,9850.06
44699,22349.50,117058.4475,155025.8817,25837.65,New York,87218.86913,8721.89
151853,75926.50,132883.4384,361779.8174,60296.64,California,178759.6067,17875.96
61613,30806.50,119556.3841,187661.4909,31276.92,Florida,101668.3534,10166.84
120275,60137.50,128219.8555,300849.9801,50141.66,New York,151782.7938,15178.28
23224,11612.00,113886.9217,113589.8106,18931.64,California,68872.96194,6887.30
105331,52665.50,126012.8575,272015.4913,45335.92,Florida,139016.2635,13901.63
23501,11750.50,113927.8303,114124.2829,19020.71,California,69109.60065,6910.96
7092,3546.00,111504.4745,82463.07255,13743.85,Florida,55091.53354,5509.15
102136,51068.00,125541.0053,265850.7301,44308.46,California,136286.8026,13628.68
85772,42886.00,123124.2953,234276.3474,39046.06,Florida,122307.1786,12230.72
123288,61644.00,128664.829,306663.5719,51110.60,New York,154356.7737,15435.68
76992,38496.00,121827.6249,217335.3134,36222.55,California,114806.5004,11480.65
7715,3857.50,111596.4819,83665.15275,13944.19,New York,55623.75707,5562.38
29104,14552.00,114755.3069,124935.2867,20822.55,Florida,73896.1952,7389.62
144996,72498.00,131870.7654,348549.2171,58091.54,New York,172901.7308,17290.17
94169,47084.50,124364.4025,250478.3818,41746.40,California,129480.6633,12948.07
78261,39130.50,122015.0366,219783.8524,36630.64,New York,115890.5961,11589.06
140902,70451.00,131266.1448,340649.833,56774.97,Florida,169404.2619,16940.43
131845,65922.50,129928.5658,323174.3267,53862.39,Florida,161666.9449,16166.69
1269,634.50,110644.5073,71227.57814,11871.26,New York,50116.99489,5011.70
43990,21995.00,116953.7392,153657.8643,25609.64,California,86613.17655,8661.32
49875,24937.50,117822.8628,165012.9879,27502.16,Florida,91640.68127,9164.07
105070,52535.00,125974.3118,271511.8911,45251.98,New York,138793.2935,13879.33
93591,46795.50,124279.0408,249363.1293,41560.52,Florida,128986.8828,12898.69
73077,36538.50,121249.4398,209781.3102,34963.55,New York,111461.9497,11146.19
94548,47274.00,124420.3749,251209.6634,41868.28,Florida,129804.4397,12980.44
151956,75978.00,132898.6499,361978.5561,60329.76,New York,178847.5987,17884.76
60864,30432.00,119445.7684,186216.2934,31036.05,California,101028.4891,10102.85
102790,51395.00,125637.591,267112.6249,44518.77,Florida,136845.5092,13684.55
53315,26657.50,118330.8977,171650.4773,28608.41,California,94579.44358,9457.94
116723,58361.50,127695.2799,293996.3864,48999.40,New York,148748.3508,14874.84
49288,24644.00,117736.1719,163880.3698,27313.39,Florida,91139.21223,9113.92
145513,72756.50,131947.1183,349546.77,58257.80,California,173343.3994,17334.34
148513,74256.50,132390.1719,355335.2782,59222.55,New York,175906.2735,17590.63
74741,37370.50,121495.1869,212992.0028,35498.67,California,112883.4905,11288.35
104234,52117.00,125850.8475,269898.8268,44983.14,California,138079.1059,13807.91
34715,17357.50,115583.9649,135761.7265,22626.95,Florida,78689.62408,7868.96
107457,53728.50,126326.8348,276117.6141,46019.60,California,140832.487,14083.25
156016,78008.00,133498.2492,369812.3372,61635.39,New York,182316.0217,18231.60
93879,46939.50,124321.5739,249918.826,41653.14,California,129232.9188,12923.29
121139,60569.50,128347.4549,302517.0705,50419.51,New York,152520.9015,15252.09
99283,49641.50,125119.6613,260345.8588,43390.98,Florida,133849.5093,13384.95
140934,70467.00,131270.8707,340711.577,56785.26,California,169431.5992,16943.16
70585,35292.50,120881.4099,204972.9894,34162.16,New York,109333.0556,10933.31
84834,42417.00,122985.7671,232466.4738,38744.41,California,121505.8533,12150.59
70098,35049.00,120809.4875,204033.3216,34005.55,New York,108917.0157,10891.70
140809,70404.50,131252.4101,340470.3892,56745.06,California,169324.8128,16932.48
131560,65780.00,129886.4757,322624.4184,53770.74,Florida,161423.4719,16142.35
143330,71665.00,131624.7229,345334.6656,57555.78,New York,171478.4813,17147.85
103756,51878.00,125780.2543,268976.5245,44829.42,Florida,137670.7546,13767.08
66195,33097.50,120233.0747,196502.4724,32750.41,New York,105582.7164,10558.27
108206,54103.00,126437.4506,277562.8117,46260.47,California,141472.3512,14147.24
141099,70549.50,131295.2386,341029.945,56838.32,Florida,169572.5573,16957.26
91258,45629.00,123934.4927,244861.5994,40810.27,New York,126993.8211,12699.38
82771,41385.50,122681.0939,228485.9097,38080.98,California,119743.4502,11974.35
63354,31677.00,119813.5029,191020.7552,31836.79,Florida,103155.6747,10315.57
43639,21819.50,116901.9019,152980.6088,25496.77,California,86313.32028,8631.33
66303,33151.50,120249.0247,196710.8587,32785.14,Florida,105674.9799,10567.50
120844,60422.00,128303.888,301947.8672,50324.64,California,152268.8856,15226.89
61968,30984.00,119608.8121,188346.4644,31391.08,Florida,101971.6268,10197.16
137388,68694.00,130747.1813,333869.5604,55644.93,New York,166402.282,16640.23
41818,20909.00,116632.9683,149466.9844,24911.16,California,84757.65569,8475.77
109162,54581.00,126578.637,279407.4163,46567.90,New York,142289.0538,14228.91
124648,62324.00,128865.68,309287.6956,51547.95,Florida,155518.6099,15551.86
150584,75292.00,132696.0267,359331.2784,59888.55,New York,177675.5109,17767.55
72698,36349.00,121193.4674,209050.0287,34841.67,California,111138.1732,11113.82
109398,54699.00,126613.4906,279862.7789,46643.80,New York,142490.6665,14249.07
19644,9822.00,113358.211,106682.1908,17780.37,Florida,65814.59883,6581.46
46632,23316.00,117343.9218,158755.6105,26459.27,Florida,88870.21435,8887.02
89242,44621.00,123636.7607,240971.7219,40161.95,New York,125271.5697,12527.16
133947,66973.50,130238.9987,327230.1415,54538.36,California,163462.6654,16346.27
123502,61751.00,128696.4335,307076.4854,51179.41,Florida,154539.592,15453.96
119535,59767.50,128110.5689,299422.1481,49903.69,New York,151150.6182,15115.06
151311,75655.50,132803.3933,360734.0269,60122.34,Florida,178296.5808,17829.66
67153,33576.50,120374.5565,198350.9361,33058.49,New York,106401.1276,10640.11
32321,16160.50,115230.4081,131142.4969,21857.08,Florida,76644.45054,7664.45
71633,35816.50,121036.1833,206995.1083,34499.18,New York,110228.3529,11022.84
86080,43040.00,123169.7821,234870.6342,39145.11,California,122570.3004,12257.03
6055,3027.50,111351.3256,80462.17821,13410.36,Florida,54205.63339,5420.56
29050,14525.00,114747.3319,124831.0935,20805.18,California,73850.06347,7385.01
79974,39987.00,122268.0202,223089.0906,37181.52,New York,117353.9972,11735.40
17303,8651.50,113012.4814,102165.2249,17027.54,Florida,63814.70273,6381.47
21265,10632.50,113597.6077,109809.9147,18301.65,California,67199.40514,6719.94
154934,77467.00,133338.4545,367724.6153,61287.44,New York,181391.6784,18139.17
155120,77560.00,133365.9238,368083.5028,61347.25,California,181550.5766,18155.06
126307,63153.50,129110.6887,312488.7406,52081.46,California,156935.8793,15693.59
155154,77577.00,133370.9451,368149.1059,61358.18,Florida,181579.6225,18157.96
53078,26539.00,118295.8964,171193.1851,28532.20,California,94376.97653,9437.70
31835,15917.50,115158.6334,130204.7586,21700.79,New York,76229.26494,7622.93
47467,23733.50,117467.2384,160366.7453,26727.79,California,89583.54765,8958.35
149605,74802.50,132551.4435,357442.2952,59573.72,New York,176839.1597,17683.92
75555,37777.50,121615.4022,214562.618,35760.44,Florida,113578.8837,11357.89
29784,14892.00,114855.7324,126247.3485,21041.22,California,74477.11333,7447.71
46373,23186.50,117305.6715,158255.8693,26375.98,New York,88648.95289,8864.90
52714,26357.00,118242.1392,170490.8461,28415.14,California,94066.01447,9406.60
114529,57264.50,127371.26,289763.0574,48293.84,California,146874.0356,14687.40
134049,67024.50,130254.0625,327426.9507,54571.16,Florida,163549.8031,16354.98
105163,52581.50,125988.0465,271691.3349,45281.89,New York,138872.7426,13887.27
84807,42403.50,122981.7797,232414.3773,38735.73,Florida,121482.7874,12148.28
47480,23740.00,117469.1583,160391.8288,26731.97,New York,89594.65343,8959.47
52985,26492.50,118282.1617,171013.7414,28502.29,California,94297.52743,9429.75
129319,64659.50,129555.5146,318300.4028,53050.07,Florida,159509.0049,15950.90
37618,18809.00,116012.6932,141363.0729,23560.51,New York,81169.63193,8116.96
80380,40190.00,122327.9801,223872.4687,37312.08,California,117700.8395,11770.08
14469,7234.50,112593.9434,96697.01419,16116.17,Florida,61393.64099,6139.36
141203,70601.50,131310.5978,341230.6133,56871.77,California,169661.4036,16966.14
143533,71766.50,131654.7029,345726.3546,57621.06,Florida,171651.9025,17165.19
92746,46373.00,124154.2473,247732.6995,41288.78,California,128265.0066,12826.50
30713,15356.50,114992.9313,128039.8566,21339.98,Florida,75270.75002,7527.08
70966,35483.00,120937.6777,205708.13,34284.69,New York,109658.5406,10965.85
113478,56739.00,127216.0435,287735.1501,47955.86,California,145976.1753,14597.62
5107,2553.50,111211.3206,78633.00963,13105.50,New York,53395.76517,5339.58
111210,55605.00,126881.095,283359.0379,47226.51,Florida,144038.6425,14403.86
6166,3083.00,111367.7186,80676.35302,13446.06,New York,54300.45973,5430.05
10758,5379.00,112045.886,89536.62956,14922.77,California,58223.36571,5822.34
19870,9935.00,113391.5877,107118.2584,17853.04,New York,66007.66868,6600.77
84817,42408.50,122983.2565,232433.6723,38738.95,Florida,121491.3304,12149.13
47856,23928.00,117524.6877,161117.3219,26852.89,Florida,89915.86699,8991.59
155761,77880.50,133460.5896,369320.314,61553.39,New York,182098.1774,18209.82
22390,11195.00,113763.7528,111980.6053,18663.43,California,68160.48294,6816.05
102474,51237.00,125590.9227,266502.902,44417.15,Florida,136575.5531,13657.56
73031,36515.50,121242.6463,209692.5531,34948.76,New York,111422.6523,11142.27
108606,54303.00,126496.5244,278334.6128,46389.10,Florida,141814.0678,14181.41
43074,21537.00,116818.4601,151890.4398,25315.07,New York,85830.64565,8583.06
85328,42664.00,123058.7233,233419.6482,38903.27,Florida,121927.8732,12192.79
55700,27850.00,118683.1253,176252.3413,29375.39,New York,96616.9285,9661.69
48759,24379.50,117658.0468,162859.6628,27143.28,California,90687.2921,9068.73
124538,62269.00,128849.4347,309075.4503,51512.58,Florida,155424.6379,15542.46
86530,43265.00,123236.2402,235738.9105,39289.82,California,122954.7315,12295.47
75098,37549.00,121547.9103,213680.8353,35613.47,New York,113188.4725,11318.85
134440,67220.00,130311.8072,328181.3863,54696.90,Florida,163883.8311,16388.38
23354,2335400.00,113906.1207,113840.646,11384064.60,California,68984.01982,68984019.82
58848,5884800.00,119148.0363,182326.4159,18232641.59,New York,99306.23774,99306237.74
3854,385400.00,111026.2719,76215.3427,7621534.27,California,52325.33808,52325338.08
11310,1131000.00,112127.4079,90601.71506,9060171.51,California,58694.93455,58694934.55
36517,3651700.00,115850.0925,139238.6904,13923869.04,Florida,80229.05713,80229057.13
65189,6518900.00,120084.5041,194561.3927,19456139.27,California,104723.2993,104723299.30
2603,260300.00,110841.5185,73801.53479,7380153.48,New York,51256.61958,51256619.58
2696,269600.00,110855.2532,73980.97854,7398097.85,California,51336.06868,51336068.68
4908,490800.00,111181.9314,78249.03858,7824903.86,New York,53225.76119,53225761.19
18307,1830700.00,113160.7567,104102.4457,10410244.57,Florida,64672.41127,64672411.27
145420,14542000.00,131933.3836,349367.3263,34936732.63,California,173263.9503,173263950.30
124967,12496700.00,128912.7914,309903.2069,30990320.69,New York,155791.1289,155791128.90
81122,8112200.00,122437.5621,225304.1597,22530415.97,California,118334.7237,118334723.70
48147,4814700.00,117567.6639,161678.8072,16167880.72,New York,90164.46578,90164465.78
107504,10750400.00,126333.776,276208.3008,27620830.08,California,140872.6387,140872638.70
78966,7896600.00,122119.1542,221144.1518,22114415.18,Florida,116492.8715,116492871.50
11572,1157200.00,112166.1013,91107.24478,9110724.48,New York,58918.75889,58918758.89
17929,1792900.00,113104.932,103373.0936,10337309.36,Florida,64349.48913,64349489.13
135016,13501600.00,130396.8735,329292.7799,32929277.99,New York,164375.9029,164375902.90
140499,14049900.00,131206.6279,339872.2434,33987224.34,California,169059.9825,169059982.50
70972,7097200.00,120938.5638,205719.707,20571970.70,Florida,109663.6663,109663666.30
23044,2304400.00,113860.3385,113242.5001,11324250.01,New York,68719.18949,68719189.49
62977,6297700.00,119757.8258,190293.3327,19029333.27,California,102833.6068,102833606.80
127949,12794900.00,129353.1867,315656.9841,31565698.41,Florida,158338.6258,158338625.80
140062,14006200.00,131142.0898,339029.0507,33902905.07,California,168686.6571,168686657.10
142634,14263400.00,131521.9344,343991.7317,34399173.17,Florida,170883.8945,170883894.50
51407,5140700.00,118049.1155,167968.9861,16796898.61,California,92949.45565,92949455.65
71393,7139300.00,121000.739,206532.0276,20653202.76,Florida,110023.323,110023323.00
90687,9068700.00,123850.1648,243759.8533,24375985.33,New York,126506.0207,126506020.70
95482,9548200.00,124558.3123,253011.8189,25301181.89,California,130602.3478,130602347.80
79898,7989800.00,122256.7962,222942.4484,22294244.84,New York,117289.0711,117289071.10
80315,8031500.00,122318.3806,223747.051,22374705.10,Florida,117645.3106,117645310.60
116953,11695300.00,127729.2474,294440.1721,29444017.21,New York,148944.8378,148944837.80
77184,7718400.00,121855.9803,217705.778,21770577.80,California,114970.5243,114970524.30
141804,14180400.00,131399.3563,342390.2444,34239024.44,New York,170174.8327,170174832.70
51183,5118300.00,118016.0342,167536.7775,16753677.75,Florida,92758.09438,92758094.38
109716,10971600.00,126660.4543,280476.3608,28047636.08,Florida,142762.3312,142762331.20
140198,14019800.00,131162.1749,339291.463,33929146.30,New York,168802.8408,168802840.80
8318,831800.00,111685.5357,84828.64289,8482864.29,California,56138.89476,56138894.76
130650,13065000.00,129752.0827,320868.571,32086857.10,Florida,160646.0668,160646066.80
132796,13279600.00,130069.0138,325009.2838,32500928.38,New York,162479.376,162479376.00
114589,11458900.00,127380.1211,289878.8276,28987882.76,Florida,146925.293,146925293.00
14349,1434900.00,112576.2213,96465.47386,9646547.39,New York,61291.12602,61291126.02
74459,7445900.00,121453.5399,212447.883,21244788.30,Florida,112642.5803,112642580.30
78709,7870900.00,122081.1992,220648.2696,22064826.96,New York,116273.3187,116273318.70
70529,7052900.00,120873.1396,204864.9373,20486493.73,California,109285.2152,109285215.20
63481,6348100.00,119832.2588,191265.802,19126580.20,Florida,103264.1697,103264169.70
12968,1296800.00,112372.2689,93800.83059,9380083.06,California,60111.34964,60111349.64
7251,725100.00,111527.9563,82769.86348,8276986.35,New York,55227.36587,55227365.87
28913,2891300.00,114727.0991,124566.7516,12456675.16,Florida,73733.02555,73733025.55
57470,5747000.00,118944.527,179667.5611,17966756.11,California,98129.02423,98129024.23
39280,3928000.00,116258.1449,144569.9064,14456990.64,New York,82589.46419,82589464.19
140284,14028400.00,131174.8757,339457.4003,33945740.03,California,168876.3098,168876309.80
65509,6550900.00,120131.7631,195178.8336,19517883.36,California,104996.6726,104996672.60
115538,11553800.00,127520.2737,291709.9257,29170992.57,Florida,147736.0156,147736015.60
155075,15507500.00,133359.278,367996.6752,36799667.52,California,181512.1335,181512133.50
54112,5411200.00,118448.6022,173188.2909,17318829.09,New York,95260.31381,95260313.81
50269,5026900.00,117881.0505,165773.212,16577321.20,California,91977.27207,91977272.07
90441,9044100.00,123813.8344,243285.1957,24328519.57,New York,126295.865,126295865.00
146667,14666700.00,132117.5463,351773.4162,35177341.62,Florida,174329.2516,174329251.60
81041,8104100.00,122425.5996,225147.87,22514787.00,California,118265.5261,118265526.10
122666,12266600.00,128572.9692,305463.4212,30546342.12,New York,153825.4044,153825404.40
52746,5274600.00,118246.8651,170552.5902,17055259.02,California,94093.35179,94093351.79
139181,13918100.00,131011.9797,337329.1588,33732915.88,California,167934.0264,167934026.40
63457,6345700.00,119828.7144,191219.494,19121949.40,Florida,103243.6667,103243666.70
130989,13098900.00,129802.1478,321522.6724,32152267.24,New York,160935.6715,160935671.50
67877,6787700.00,120481.4801,199747.896,19974789.60,Florida,107019.6345,107019634.50
145505,14550500.00,131945.9368,349531.334,34953133.40,New York,173336.5651,173336565.10
28236,2823600.00,114627.1167,123260.4783,12326047.83,California,73154.67029,73154670.29
113363,11336300.00,127199.0598,287513.2573,28751325.73,Florida,145877.9318,145877931.80
134787,13478700.00,130363.0537,328850.9238,32885092.38,New York,164180.2702,164180270.20
158727,15872700.00,133898.622,375043.2191,37504321.91,California,184632.0056,184632005.60
120520,12052000.00,128256.0382,301322.7083,30132270.83,Florida,151992.0952,151992095.20
60472,6047200.00,119387.876,185459.9283,18545992.83,California,100693.6069,100693606.90
154106,15410600.00,133216.1717,366126.987,36612698.70,Florida,180684.3252,180684325.20
40219,4021900.00,116396.8207,146381.7095,14638170.95,California,83391.64379,83391643.79
84406,8440600.00,122922.5582,231640.6467,23164064.67,Florida,121140.2166,121140216.60
20629,2062900.00,113503.6803,108582.751,10858275.10,New York,66656.07583,66656075.83
87536,8753600.00,123384.8108,237679.9902,23767999.02,California,123814.1486,123814148.60
118530,11853000.00,127962.1459,297482.9979,29748299.79,New York,150292.0553,150292055.30
129325,12932500.00,129556.4007,318311.9798,31831197.98,Florida,159514.1307,159514130.70
44466,4446600.00,117024.037,154576.3076,15457630.76,New York,87019.81924,87019819.24
55907,5590700.00,118713.696,176651.7484,17665174.84,California,96793.76682,96793766.82
65694,6569400.00,120159.0848,195535.7916,19553579.16,New York,105154.7165,105154716.50
148622,14862200.00,132406.2696,355545.594,35554559.40,Florida,175999.3913,175999391.30
140627,14062700.00,131225.5315,340119.2197,34011921.97,Florida,169169.3318,169169331.80
156713,15671300.00,133601.1853,371157.2006,37115720.06,New York,182911.4628,182911462.80
100606,10060600.00,125315.048,262898.5909,26289859.09,California,134979.7368,134979736.80
24830,2483000.00,114124.1031,116688.592,11668859.20,Florida,70244.95388,70244953.88
141159,14115900.00,131304.0997,341145.7152,34114571.52,New York,169623.8148,169623814.80
101587,10158700.00,125459.9265,264791.4331,26479143.31,Florida,135817.7966,135817796.60
1215,121500.00,110636.5323,71123.385,7112338.50,New York,50070.86316,50070863.16
13269,1326900.00,112416.722,94381.61091,9438161.09,Florida,60368.49134,60368491.34
155679,15567900.00,133448.4795,369162.0948,36916209.48,New York,182028.1255,182028125.50
50634,5063400.00,117934.9554,166477.4805,16647748.05,California,92289.08842,92289088.42
158637,15863700.00,133885.3304,374869.5639,37486956.39,Florida,184555.1194,184555119.40
101322,10132200.00,125420.7901,264280.1149,26428011.49,California,135591.4094,135591409.40
28980,2898000.00,114736.994,124696.0283,12469602.83,New York,73790.26307,73790263.07
130675,13067500.00,129755.7748,320916.8085,32091680.85,Florida,160667.424,160667424.00
84533,8453300.00,122941.3141,231885.6935,23188569.35,California,121248.7116,121248711.60
101223,10122300.00,125406.1693,264089.0941,26408909.41,New York,135506.8346,135506834.60
123282,12328200.00,128663.9429,306651.9948,30665199.48,California,154351.6479,154351647.90
79009,7900900.00,122125.5046,221227.1204,22122712.04,California,116529.6061,116529606.10
109841,10984100.00,126678.9148,280717.5486,28071754.86,Florida,142869.1176,142869117.60
96021,9602100.00,124637.9143,254051.8209,25405182.09,California,131062.8109,131062810.90
136849,13684900.00,130667.5793,332829.5584,33282955.84,New York,165941.819,165941819.00
144390,14439000.00,131781.2685,347379.9385,34737993.85,California,172384.0302,172384030.20
109658,10965800.00,126651.8885,280364.4496,28036444.96,New York,142712.7823,142712782.30
50050,5005000.00,117848.7076,165350.6509,16535065.09,Florida,91790.18226,91790182.26
60170,6017000.00,119343.2753,184877.2185,18487721.85,California,100435.6109,100435610.90
112043,11204300.00,127004.1162,284966.3136,28496631.36,New York,144750.2672,144750267.20
103519,10351900.00,125745.2531,268519.2324,26851923.24,California,137468.2876,137468287.60
132029,13202900.00,129955.7397,323529.3552,32352935.52,New York,161824.1346,161824134.60
51373,5137300.00,118044.0942,167903.383,16790338.30,California,92920.40974,92920409.74
69518,6951800.00,120723.8305,202914.21,20291421.00,Florida,108421.5267,108421526.70
107707,10770700.00,126363.756,276599.9898,27659998.98,New York,141046.0598,141046059.80
125384,12538400.00,128974.3759,310707.8096,31070780.96,Florida,156147.3684,156147368.40
156397,15639700.00,133554.517,370547.4778,37054747.78,New York,182641.5067,182641506.70
118745,11874500.00,127993.8981,297897.841,29789784.10,California,150475.728,150475728.00
36008,3600800.00,115774.9211,138256.5735,13825657.35,Florida,79794.22283,79794222.83
7959,795900.00,111632.517,84135.95141,8413595.14,New York,55832.20416,55832204.16
121607,12160700.00,128416.5713,303420.0778,30342007.78,California,152920.7099,152920709.90
113168,11316800.00,127170.2613,287137.0042,28713700.42,Florida,145711.345,145711345.00
92665,9266500.00,124142.2849,247576.4097,24757640.97,California,128195.809,128195809.00
36840,3684000.00,115897.7946,139861.9198,13986191.98,Florida,80504.99325,80504993.25
144661,14466100.00,131821.291,347902.8337,34790283.37,California,172615.5432,172615543.20
62251,6225100.00,119650.6068,188892.5137,18889251.37,Florida,102213.3913,102213391.30
49407,4940700.00,117753.7464,164109.9806,16410998.06,New York,91240.87291,91240872.91
127740,12774000.00,129322.3207,315253.718,31525371.80,California,158160.0789,158160078.90
6101,610100.00,111358.1191,80550.93534,8055093.53,New York,54244.9308,54244930.80
142977,14297700.00,131572.5902,344653.5511,34465355.11,Florida,171176.9165,171176916.50
138529,13852900.00,130915.6893,336071.123,33607112.30,New York,167377.0285,167377028.50
122905,12290500.00,128608.2658,305924.5723,30592457.23,California,154029.5801,154029580.10
66102,6610200.00,120219.3401,196323.0287,19632302.87,New York,105503.2673,105503267.30
18930,1893000.00,113252.7642,105304.5259,10530452.59,Florida,65204.63479,65204634.79
18903,1890300.00,113248.7767,105252.4293,10525242.93,Florida,65181.56893,65181568.93
140704,14070400.00,131236.9032,340267.7914,34026779.14,New York,169235.1122,169235112.20
112110,11211000.00,127014.0111,285095.5903,28509559.03,California,144807.5047,144807504.70
143046,14304600.00,131582.7805,344786.6868,34478668.68,Florida,171235.8626,171235862.60
50864,5086400.00,117968.9228,166921.2661,16692126.61,New York,92485.57543,92485575.43
132160,13216000.00,129975.0864,323782.1201,32378212.01,Florida,161936.0467,161936046.70
68920,6892000.00,120635.5151,201760.3674,20176036.74,New York,107910.6604,107910660.40
157947,15794700.00,133783.428,373538.207,37353820.70,Florida,183965.6583,183965658.30
120687,12068700.00,128280.7015,301644.9353,30164493.53,New York,152134.7618,152134761.80
3372,337200.00,110955.0879,75285.32239,7528532.24,California,51913.56964,51913569.64
53012,5301200.00,118286.1492,171065.8379,17106583.79,Florida,94320.5933,94320593.30
64233,6423300.00,119943.3176,192716.7881,19271678.81,California,103906.5968,103906596.80
102541,10254100.00,125600.8176,266632.1787,26663217.87,New York,136632.7906,136632790.60
27996,2799600.00,114591.6724,122797.3976,12279739.76,Florida,72949.64036,72949640.36
3111,311100.00,110916.5422,74781.72217,7478172.22,California,51690.5996,51690599.60
66932,6693200.00,120341.9182,197924.516,19792451.60,New York,106212.3292,106212329.20
118012,11801200.00,127885.6453,296483.5154,29648351.54,California,149849.5324,149849532.40
18192,1819200.00,113143.773,103880.5529,10388055.29,California,64574.16776,64574167.76
83511,8351100.00,122790.3805,229913.7417,22991374.17,Florida,120375.6258,120375625.80
123767,12376700.00,128735.5699,307587.8037,30758780.37,California,154765.9792,154765979.20
44424,4442400.00,117017.8343,154495.2685,15449526.85,New York,86983.939,86983939.00
143423,14342300.00,131638.4576,345514.1093,34551410.93,California,171557.9304,171557930.40
127190,12719000.00,129241.0942,314192.4915,31419249.15,New York,157690.2186,157690218.60
22014,2201400.00,113708.2234,111255.1123,11125511.23,Florida,67839.26938,67839269.38
148327,14832700.00,132362.7026,354976.3907,35497639.07,California,175747.3753,175747375.30
4852,485200.00,111173.6611,78140.98643,7814098.64,New York,53177.92087,53177920.87
87342,8734200.00,123356.16,237305.6667,23730566.67,California,123648.4161,123648416.10
12412,1241200.00,112290.1563,92728.02707,9272802.71,California,59636.36364,59636363.64
66380,6638000.00,120260.3964,196859.4305,19685943.05,Florida,105740.7603,105740760.30
135781,13578100.00,130509.8522,330768.8495,33076884.95,New York,165029.4358,165029435.80
154047,15404700.00,133207.4583,366013.1464,36601314.64,Florida,180633.922,180633922.00
91262,9126200.00,123935.0835,244869.3174,24486931.74,New York,126997.2382,126997238.20
143575,14357500.00,131660.9056,345807.3938,34580739.38,California,171687.7827,171687782.70
89669,8966900.00,123699.822,241795.6195,24179561.95,Florida,125636.3521,125636352.10
3737,373700.00,111008.9928,75989.59088,7598959.09,New York,52225.38599,52225385.99
12816,1281600.00,112349.8208,93507.54618,9350754.62,California,59981.49735,59981497.35
46750,4675000.00,117361.3485,158983.2918,15898329.18,Florida,88971.02073,88971020.73
16708,1670800.00,112924.6091,101017.1708,10101717.08,California,63306.39937,63306399.37
11277,1127700.00,112122.5343,90538.04147,9053804.15,Florida,58666.74293,58666742.93
32758,3275800.00,115294.9462,131985.6896,13198568.96,California,77017.77587,77017775.87
131074,13107400.00,129814.701,321686.6801,32168668.01,Florida,161008.2863,161008286.30
33729,3372900.00,115438.348,133859.2368,13385923.68,New York,77847.29279,77847292.79
56708,5670800.00,118831.9913,178197.28,17819728.00,California,97478.0542,97478054.20
43245,4324500.00,116843.7142,152220.3848,15222038.48,New York,85976.72948,85976729.48
117945,11794500.00,127875.7505,296354.2388,29635423.88,Florida,149792.2949,149792294.90
93533,9353300.00,124270.4751,249251.2181,24925121.81,New York,128937.3339,128937333.90
36345,3634500.00,115824.6907,138906.8159,13890681.59,California,80082.11902,80082119.02
123150,12315000.00,128644.4486,306397.3005,30639730.05,New York,154238.8815,154238881.50
146767,14676700.00,132132.3147,351966.3665,35196636.65,Florida,174414.6808,174414680.80
125425,12542500.00,128980.4309,310786.9192,31078691.92,Florida,156182.3943,156182394.30
26154,2615400.00,114319.6374,119243.2536,11924325.36,New York,71376.03566,71376035.66
113132,11313200.00,127164.9447,287067.5421,28706754.21,California,145680.5905,145680590.50
159191,15919100.00,133967.1476,375938.5084,37593850.84,Florida,185028.3968,185028396.80
23281,2328100.00,113895.3397,113699.7923,11369979.23,New York,68921.65655,68921656.55
145038,14503800.00,131876.9681,348630.2563,34863025.63,Florida,172937.611,172937611.00
119016,11901600.00,128033.9206,298420.7362,29842073.62,New York,150707.2409,150707240.90
159570,15957000.00,134023.1201,376669.7899,37666978.99,Florida,185352.1732,185352173.20
66705,6670500.00,120308.3938,197486.5188,19748651.88,New York,106018.405,106018405.00
96720,9672000.00,124741.1458,255400.5433,25540054.33,California,131659.9605,131659960.50
77031,7703100.00,121833.3846,217410.564,21741056.40,Florida,114839.8177,114839817.70
56584,5658400.00,118813.6785,177958.0217,17795802.17,California,97372.12207,97372122.07
34269,3426900.00,115518.0976,134901.1683,13490116.83,New York,78308.61013,78308610.13
43002,4300200.00,116807.8268,151751.5156,15175151.56,Florida,85769.13667,85769136.67
90606,9060600.00,123838.2024,243603.5636,24360356.36,California,126436.8231,126436823.10
21297,2129700.00,113602.3336,109871.6588,10987165.88,New York,67226.74247,67226742.47
147448,14744800.00,132232.8879,353280.3578,35328035.78,California,174996.4532,174996453.20
11931,1193100.00,112219.12,91799.93626,9179993.63,California,59225.44949,59225449.49
62868,6286800.00,119741.7282,190083.0169,19008301.69,Florida,102740.489,102740489.00
107864,10786400.00,126386.9425,276902.9217,27690292.17,California,141180.1836,141180183.60
126763,63381.50,129178.0329,313368.5938,52228.10,New York,157325.4362,15732.54
48320,24160.00,117593.2133,162012.6111,27002.10,California,90312.25819,9031.23
132750,66375.00,130062.2203,324920.5267,54153.42,New York,162440.0786,16244.01
90232,45116.00,123782.9684,242881.9296,40480.32,Florida,126117.3181,12611.73
11415,5707.50,112142.9148,90804.31285,15134.05,California,58784.63514,5878.46
136367,68183.50,130596.3953,331899.5381,55316.59,New York,165530.0505,16553.01
48599,24299.50,117634.4173,162550.9424,27091.82,California,90550.60548,9055.06
131209,65604.50,129834.6384,321947.163,53657.86,New York,161123.6156,16112.36
44805,4480500.00,117074.1021,155230.409,1552304.09,California,87309.42402,87309424.02
27745,2774500.00,114554.6036,122313.0924,1223130.92,Florida,72735.21323,72735213.23
56428,5642800.00,118790.6397,177657.0193,1776570.19,New York,97238.85262,97238852.62
22961,2296100.00,113848.0807,113082.3514,1130823.51,Florida,68648.28331,68648283.31
127002,63501.00,129213.3295,313829.745,52304.96,New York,157529.6118,15752.96
42722,21361.00,116766.4752,151211.2548,25201.88,California,85529.93509,8552.99
36880,18440.00,115903.702,139939.0999,23323.18,Florida,80539.1649,8053.92
134020,67010.00,130249.7797,327370.9952,54561.83,New York,163525.0287,16352.50
105406,52703.00,126023.9338,272160.204,45360.03,California,139080.3354,13908.03
135965,67982.50,130537.0261,331123.878,55187.31,Florida,165186.6254,16518.66
22609,11304.50,113796.0957,112403.1664,18733.86,California,68347.57275,6834.76
48592,24296.00,117633.3835,162537.4359,27089.57,Florida,90544.62544,9054.46
45646,22823.00,117198.3048,156853.1208,26142.19,California,88027.88306,8802.79
18687,9343.50,113216.8769,104835.6567,17472.61,Florida,64997.04199,6499.70
159134,79567.00,133958.7296,375828.5267,62638.09,New York,184979.7022,18497.97
25194,12597.00,114177.8603,117390.931,19565.16,California,70555.91594,7055.59
49370,24685.00,117748.2821,164038.589,27339.76,New York,91209.26412,9120.93
83997,41998.50,122862.1552,230851.4801,38475.25,Florida,120790.8114,12079.08
127102,63551.00,129228.0979,314022.6953,52337.12,New York,157615.041,15761.50
112617,56308.50,127088.8871,286073.8482,47678.97,California,145240.6305,14524.06
18790,9395.00,113232.0884,105034.3955,17505.73,New York,65085.034,6508.50
31530,15765.00,115113.5896,129616.2603,21602.71,Florida,75968.70607,7596.87
154761,77380.50,133312.905,367390.8113,61231.80,Florida,181243.886,18124.39
62322,31161.00,119661.0924,189029.5084,31504.92,New York,102274.046,10227.40
138389,69194.50,130895.0135,335800.9926,55966.83,California,167257.4277,16725.74
54437,27218.50,118496.5997,173815.3793,28969.23,Florida,95537.9585,9553.80
128678,64339.00,129460.8488,317063.5916,52843.93,New York,158961.4042,15896.14
36374,18187.00,115828.9736,138962.7715,23160.46,Florida,80106.89347,8010.69
91354,45677.00,123948.6704,245046.8317,40841.14,New York,127075.833,12707.58
159026,79513.00,133942.7797,375620.1405,62603.36,Florida,184887.4387,18488.74
21362,10681.00,113611.9331,109997.0765,18332.85,New York,67282.27141,6728.23
33021,16510.50,115333.7873,132493.1489,22082.19,California,77242.4545,7724.25
135411,67705.50,130455.2089,330054.9335,55009.16,Florida,164713.348,16471.33
41996,20998.00,116659.2562,149810.4359,24968.41,California,84909.71956,8490.97
129894,64947.00,129640.4332,319409.8669,53234.98,New York,160000.2225,16000.02
29076,14538.00,114751.1717,124881.2606,20813.54,Florida,73872.27504,7387.23
60970,30485.00,119461.4229,186420.8207,31070.14,California,101119.044,10111.90
68150,34075.00,120521.798,200274.6503,33379.11,New York,107252.8561,10725.29
79611,39805.50,122214.4107,222388.6811,37064.78,California,117043.8895,11704.39
125073,62536.50,128928.446,310107.7342,51684.62,California,155881.6838,15588.17
108627,54313.50,126499.6258,278375.1323,46395.86,Florida,141832.0079,14183.20
38547,19273.50,116149.8921,143155.5809,23859.26,California,81963.26862,8196.33
109403,54701.50,126614.229,279872.4264,46645.40,New York,142494.938,14249.49
110385,55192.50,126759.2552,281767.1981,46961.20,California,143333.8521,14333.39
27445,13722.50,114510.2982,121734.2416,20289.04,New York,72478.92582,7247.89
99603,49801.50,125166.9203,260963.2997,43493.88,Florida,134122.8826,13412.29
10372,5186.00,111988.8798,88791.8415,14798.64,California,57893.60924,5789.36
146341,73170.50,132069.4011,351144.3983,58524.07,New York,174050.7527,17405.08
20181,10090.50,113437.5176,107718.3338,17953.06,California,66273.3533,6627.34
105465,52732.50,126032.6472,272274.0447,45379.01,California,139130.7386,13913.07
58528,29264.00,119100.7772,181708.975,30284.83,Florida,99032.8645,9903.29
107739,53869.50,126368.4819,276661.7339,46110.29,New York,141073.3972,14107.34
125610,62805.00,129007.7526,311143.8772,51857.31,Florida,156340.4382,15634.04
45698,22849.00,117205.9844,156953.455,26158.91,New York,88072.30621,8807.23
90555,45277.50,123830.6705,243505.159,40584.19,California,126393.2542,12639.33
19468,9734.00,113332.2185,106342.5983,17723.77,Florida,65664.24355,6566.42
100506,50253.00,125300.2795,262705.6406,43784.27,New York,134894.3077,13489.43
72494,36247.00,121163.3397,208656.4101,34776.07,California,110963.8978,11096.39
63372,31686.00,119816.1612,191055.4862,31842.58,Florida,103171.0519,10317.11
41878,20939.00,116641.8294,149582.7545,24930.46,California,84808.91317,8480.89
105962,52981.00,126106.0464,273233.0075,45538.83,Florida,139555.3214,13955.53
23028,11514.00,113857.9755,113211.6281,18868.60,California,68705.52083,6870.55
55229,27614.50,118613.5659,175343.5455,29223.92,Florida,96214.55727,9621.46
57839,28919.50,118999.0226,180379.5476,30063.26,New York,98444.25774,9844.43
112421,56210.50,127059.941,285695.6657,47615.94,California,145073.1894,14507.32
104830,52415.00,125938.8675,271048.8105,45174.80,New York,138588.2636,13858.83
105004,52502.00,125964.5646,271384.5439,45230.76,Florida,138736.9103,13873.69
33474,16737.00,115400.6884,133367.2136,22227.87,New York,77629.44849,7762.94
101381,50690.50,125429.5035,264393.9555,44065.66,California,135641.8126,13564.18
49895,24947.50,117825.8165,165051.5779,27508.60,New York,91657.76709,9165.78
140901,70450.50,131265.9971,340647.9035,56774.65,Florida,169403.4076,16940.34
99011,49505.50,125079.4911,259821.0341,43303.51,Florida,133617.1421,13361.71
25140,12570.00,114169.8853,117286.7378,19547.79,New York,70509.78421,7050.98
88069,44034.50,123463.5267,238708.4152,39784.74,California,124269.4859,12426.95
5954,2977.00,111336.4094,80267.29844,13377.88,Florida,54119.34996,5411.93
146657,73328.50,132116.0694,351754.1212,58625.69,New York,174320.7087,17432.07
120300,60150.00,128223.5476,300898.2177,50149.70,Florida,151804.1511,15180.42
153919,76959.50,133188.5546,365766.17,60961.03,New York,180524.5727,18052.46
6952,3476.00,111483.7986,82192.94216,13698.82,Florida,54971.93275,5497.19
24538,12269.00,114080.9792,116125.1772,19354.20,New York,69995.5008,6999.55
33718,16859.00,115436.7234,133838.0123,22306.34,California,77837.89559,7783.79
60311,30155.50,119364.0988,185149.2784,30858.21,Florida,100556.066,10055.61
158104,79052.00,133806.6145,373841.1389,62306.86,California,184099.7821,18409.98
120265,60132.50,128218.3786,300830.6851,50138.45,New York,151774.2509,15177.43
122843,61421.50,128599.1094,305804.9431,50967.49,Florida,153976.614,15397.66
156926,78463.00,133632.6421,371568.1847,61928.03,California,183093.4268,18309.34
50112,25056.00,117857.864,165470.28,27578.38,New York,91843.14832,9184.31
12068,6034.00,112239.3528,92064.27813,15344.05,California,59342.48741,5934.25
78098,39049.00,121990.964,219469.3435,36578.22,California,115751.3466,11575.13
69762,34881.00,120759.8655,203385.0087,33897.50,Florida,108629.9738,10863.00
156672,78336.00,133595.1302,371078.091,61846.35,California,182876.4368,18287.64
110066,55033.00,126712.1438,281151.6868,46858.61,New York,143061.3332,14306.13
149352,74676.00,132514.0793,356954.131,59492.36,California,176623.024,17662.30
123926,61963.00,128759.0518,307894.5946,51315.77,New York,154901.8116,15490.18
155584,77792.00,133434.4494,368978.7921,61496.47,Florida,181946.9678,18194.70
59551,29775.50,119251.8585,183682.8563,30613.81,California,99906.80457,9990.68
32892,16446.00,115314.736,132244.243,22040.71,New York,77132.25091,7713.23
148355,74177.50,132366.8378,355030.4168,59171.74,California,175771.2955,17577.13
34087,17043.50,115491.219,134549.9988,22425.00,New York,78153.1291,7815.31
9153,4576.50,111808.8523,86439.77767,14406.63,California,56852.22806,5685.22
141090,70545.00,131293.9095,341012.5795,56835.43,Florida,169564.8687,16956.49
30917,15458.50,115023.059,128433.4751,21405.58,New York,75445.02546,7544.50
116032,58016.00,127593.2299,292663.1,48777.18,Florida,148158.0355,14815.80
111403,55701.50,126909.5981,283731.4319,47288.57,New York,144203.5207,14420.35
109089,54544.50,126567.856,279266.5626,46544.43,California,142226.6905,14222.67
147916,73958.00,132302.0043,354183.3651,59030.56,Florida,175396.2616,17539.63
80883,40441.50,122402.2655,224843.0086,37473.83,New York,118130.5481,11813.05
69933,34966.50,120785.1196,203714.9537,33952.49,California,108776.0576,10877.61
68302,34151.00,120544.2461,200567.9347,33427.99,Florida,107382.7084,10738.27
83794,41897.00,122832.1752,230459.791,38409.97,California,120617.3903,12061.74
118649,59324.50,127979.7204,297712.6087,49618.77,Florida,150393.716,15039.37
66766,33383.00,120317.4026,197604.2185,32934.04,California,106070.5168,10607.05
130880,65440.00,129786.0502,321312.3566,53552.06,Florida,160842.5538,16084.26
114090,57045.00,127306.4265,288916.0057,48152.67,New York,146499.0017,14649.90
56983,28491.50,118872.6046,178727.8933,29787.98,California,97712.98433,9771.30
90073,45036.50,123759.4865,242575.1387,40429.19,New York,125981.4858,12598.15
26750,267500.00,114407.6574,120393.2372,120393.24,Florida,71885.19331,71885193.31
94859,948590.00,124466.3048,251809.7387,251809.74,New York,130070.1243,130070124.30
64520,645200.00,119985.7031,193270.5554,193270.56,California,104151.7784,104151778.40
66882,668820.00,120334.534,197828.0408,197828.04,New York,106169.6146,106169614.60
114904,1149040.00,127426.6417,290486.621,290486.62,Florida,147194.3948,147194394.80
108270,1082700.00,126446.9024,277686.2998,277686.30,Florida,141527.0259,141527025.90
76026,760260.00,121684.9616,215471.4138,215471.41,New York,113981.2549,113981254.90
158668,1586680.00,133889.9086,374929.3785,374929.38,California,184581.6024,184581602.40
5885,58850.00,111326.2192,80134.16275,80134.16,Florida,54060.40386,54060403.86
32007,320070.00,115184.0351,130536.6331,130536.63,New York,76376.20305,76376203.05
58843,588430.00,119147.2979,182316.7684,182316.77,Florida,99301.96628,99301966.28
57863,578630.00,119002.567,180425.8557,180425.86,New York,98464.76074,98464760.74
146290,1462900.00,132061.8692,351045.9937,351045.99,Florida,174007.1838,174007183.80
92831,928310.00,124166.8005,247896.7072,247896.71,New York,128337.6214,128337621.40
149026,1490260.00,132465.9341,356325.1131,356325.11,California,176344.525,176344525.00
68638,686380.00,120593.8681,201216.2476,201216.25,Florida,107669.7503,107669750.30
48519,485190.00,117622.6025,162396.5822,162396.58,California,90482.26217,90482262.17
35910,359100.00,115760.448,138067.4822,138067.48,New York,79710.50227,79710502.27
41614,416140.00,116602.8407,149073.3658,149073.37,Florida,84583.38025,84583380.25
137713,1377130.00,130795.1787,334496.6487,334496.65,California,166679.9267,166679926.70
29287,292870.00,114782.3332,125288.3857,125288.39,New York,74052.53052,74052530.52
94648,47324.00,124435.1434,251402.6136,41900.44,California,129889.8688,12988.99
41578,20789.00,116597.524,149003.9037,24833.98,California,84552.62576,8455.26
96008,48004.00,124635.9944,254026.7374,42337.79,Florida,131051.7051,13105.17
78630,39315.00,122069.5322,220495.8389,36749.31,California,116205.8296,11620.58
19242,9621.00,113298.8418,105906.5307,17651.09,New York,65471.1737,6547.12
92507,46253.50,124118.9507,247271.5483,41211.92,California,128060.831,12806.08
92171,46085.50,124069.3287,246623.2354,41103.87,New York,127773.7891,12777.38
70074,35037.00,120805.9431,203987.0135,33997.84,Florida,108896.5127,10889.65
149598,74799.00,132550.4097,357428.7887,59571.46,California,176833.1797,17683.32
6975,3487.50,111487.1954,82237.32073,13706.22,New York,54991.58145,5499.16
155563,77781.50,133431.3481,368938.2725,61489.71,California,181929.0277,18192.90
63024,31512.00,119764.767,190384.0193,31730.67,California,102873.7585,10287.38
9960,4980.00,111928.0338,87996.88638,14666.15,Florida,57541.6412,5754.16
19291,9645.50,113306.0783,106001.0764,17666.85,New York,65513.03398,6551.30
132449,66224.50,130017.7672,324339.7464,54056.62,Florida,162182.9369,16218.29
3089,1544.50,110913.2932,74739.27311,12456.55,New York,51671.80519,5167.18
104168,52084.00,125841.1003,269771.4796,44961.91,California,138022.7227,13802.27
153606,76803.00,133142.3294,365162.2357,60860.37,Florida,180257.1795,18025.72
13316,6658.00,112423.6631,94472.29754,15745.38,New York,60408.64304,6040.86
151611,75805.50,132847.6987,361312.8777,60218.81,California,178552.8682,17855.29
155716,77858.00,133453.9438,369233.4864,61538.91,Florida,182059.7343,18205.97
76520,38260.00,121757.9178,216424.5881,36070.76,California,114403.2748,11440.33
42221,21110.50,116692.4852,150244.574,25040.76,Florida,85101.93511,8510.19
126483,63241.50,129136.6812,312828.3331,52138.06,California,157086.2346,15708.62
118217,59108.50,127915.9207,296879.0635,49479.84,Florida,150024.6621,15002.47
91556,45778.00,123978.5027,245436.5912,40906.10,New York,127248.3999,12724.84
123093,61546.50,128636.0305,306287.3188,51047.89,California,154190.1869,15419.02
90163,45081.50,123772.7781,242748.7939,40458.13,New York,126058.372,12605.84
104391,52195.50,125874.034,270201.7588,45033.63,Florida,138213.2296,13821.32
61243,30621.50,119501.7408,186947.5749,31157.93,New York,101352.2656,10135.23
60782,30391.00,119433.6582,186058.0742,31009.68,California,100958.4372,10095.84
16787,8393.50,112936.2762,101169.6015,16861.60,New York,63373.88839,6337.39
152746,76373.00,133015.3207,363502.8633,60583.81,Florida,179522.4889,17952.25
159000,79500.00,133938.9399,375569.9734,62595.00,Florida,184865.2271,18486.52
62726,31363.00,119720.757,189809.0275,31634.84,New York,102619.1797,10261.92
148420,74210.00,132376.4373,355155.8345,59192.64,California,175826.8244,17582.68
135886,67943.00,130525.3591,330971.4473,55161.91,Florida,165119.1364,16511.91
99774,49887.00,125192.1744,261293.2446,43548.87,New York,134268.9664,13426.90
14367,7183.50,112578.8796,96500.20491,16083.37,Florida,61306.50327,6130.65
136326,68163.00,130590.3403,331820.4285,55303.40,New York,165495.0246,16549.50
33519,16759.50,115407.3342,133454.0412,22242.34,Florida,77667.8916,7766.79
122931,61465.50,128612.1056,305974.7394,50995.79,New York,154051.7917,15405.18
73289,36644.50,121280.749,210190.3648,35031.73,California,111643.0594,11164.31
67289,33644.50,120394.6416,198613.3484,33102.22,Florida,106517.3112,10651.73
22876,11438.00,113835.5275,112918.3436,18819.72,California,68575.66854,6857.57
125112,62556.00,128934.2057,310182.9848,51697.16,New York,155915.0011,15591.50
88568,44284.00,123537.2213,239671.237,39945.21,Florida,124695.7773,12469.58
144841,72420.50,131847.8743,348250.1442,58041.69,California,172769.3156,17276.93
159238,79619.00,133974.0888,376029.195,62671.53,New York,185068.5485,18506.85
127074,63537.00,129223.9628,313968.6692,52328.11,California,157591.1208,15759.11
67697,33848.50,120454.8969,199400.5855,33233.43,California,106865.8621,10686.59
65307,32653.50,120101.9308,194789.074,32464.85,Florida,104824.1057,10482.41
84231,42115.50,122896.7134,231302.9837,38550.50,California,120990.7156,12099.07
8882,4441.00,111768.8298,85916.88243,14319.48,New York,56620.7151,5662.07
129441,64720.50,129573.5321,318535.8022,53089.30,California,159613.2285,15961.32
148278,74139.00,132355.4661,354881.8451,59146.97,New York,175705.515,17570.55
58228,29114.00,119056.4719,181130.1242,30188.35,Florida,98776.57709,9877.66
136903,68451.50,130675.5543,332933.7515,55488.96,California,165987.9507,16598.80
4187,2093.50,111075.4508,76857.86711,12809.64,New York,52609.81711,5260.98
80546,40273.00,122352.4958,224192.7661,37365.46,California,117842.6519,11784.27
36302,18151.00,115818.3403,138823.8473,23137.31,New York,80045.38449,8004.54
36327,18163.50,115822.0324,138872.0849,23145.35,California,80066.74177,8006.67
103813,51906.50,125788.6723,269086.5062,44847.75,Florida,137719.4492,13771.94
117577,58788.50,127821.4025,295644.1818,49274.03,New York,149477.9157,14947.79
154222,77111.00,133233.3031,366350.8093,61058.47,Florida,180783.423,18078.34
63645,31822.50,119856.4791,191582.2405,31930.37,New York,103404.2734,10340.43
45968,22984.00,117245.8592,157474.4207,26245.74,California,88302.96488,8830.30
60822,30411.00,119439.5656,186135.2543,31022.54,Florida,100992.6089,10099.26
107750,53875.00,126370.1064,276682.9584,46113.83,New York,141082.7944,14108.28
109510,54755.00,126630.0312,280078.8832,46679.81,California,142586.3472,14258.63
147647,73823.50,132262.2771,353664.3289,58944.05,Florida,175166.4572,17516.65
9316,4658.00,111832.9249,86754.28662,14459.05,California,56991.47755,5699.15
70319,35159.50,120842.1258,204459.7417,34076.62,Florida,109105.8141,10910.58
138525,69262.50,130915.0986,336063.405,56010.57,California,167373.6113,16737.36
122434,61217.00,128538.7064,305015.7765,50835.96,Florida,153627.2089,15362.72
91086,45543.00,123909.091,244529.7249,40754.95,New York,126846.883,12684.69
32205,16102.50,115213.2767,130918.6746,21819.78,California,76545.35274,7654.54
18989,9494.50,113261.4776,105418.3665,17569.73,New York,65255.03798,6525.50
143683,71841.50,131676.8555,346015.7801,57669.30,Florida,171780.0462,17178.00
81836,40918.00,122543.0089,226681.8247,37780.30,New York,118944.6878,11894.47
139592,69796.00,131072.678,338122.1844,56353.70,California,168285.1402,16828.51
54073,27036.50,118442.8425,173113.0403,28852.17,New York,95226.99644,9522.70
11977,5988.50,112225.9135,91888.69339,15314.78,Florida,59264.74689,5926.47
133956,66978.00,130240.3279,327247.507,54541.25,Florida,163470.354,16347.04
133110,66555.00,130115.3867,325615.1477,54269.19,New York,162747.6235,16274.76
9063,4531.50,111795.5607,86266.12243,14377.69,California,56775.34184,5677.53
36025,18012.50,115777.4317,138289.3751,23048.23,Florida,79808.74578,7980.87
40178,20089.00,116390.7656,146302.5999,24383.77,New York,83356.61784,8335.66
29814,14907.00,114860.1629,126305.2336,21050.87,Florida,74502.74207,7450.27
113466,56733.00,127214.2713,287711.996,47952.00,New York,145965.9238,14596.59
12585,6292.50,112315.7057,93061.83105,15510.31,Florida,59784.15604,5978.42
99265,49632.50,125117.003,260311.1278,43385.19,New York,133834.1321,13383.41
26554,13277.00,114378.7113,120015.0547,20002.51,California,71717.75221,7171.78
49642,24821.00,117788.4523,164563.4137,27427.24,Florida,91441.63138,9144.16
135489,67744.50,130466.7283,330205.4347,55034.24,California,164779.9827,16478.00
57784,28892.00,118990.8999,180273.425,30045.57,New York,98397.27172,9839.73
50884,25442.00,117971.8765,166959.8561,27826.64,Florida,92502.66126,9250.27
102170,51085.00,125546.0266,265916.3332,44319.39,California,136315.8485,13631.58
36011,18005.50,115775.3641,138262.362,23043.73,New York,79796.7857,7979.68
112108,56054.00,127013.7157,285091.7313,47515.29,California,144805.7962,14480.58
52981,26490.50,118281.571,171006.0234,28501.00,California,94294.11026,9429.41
60350,30175.00,119369.8585,185224.529,30870.75,Florida,100589.3834,10058.94
38385,19192.50,116125.9672,142843.0015,23807.17,California,81824.87341,8182.49
18632,9316.00,113208.7542,104729.5341,17454.92,New York,64950.05596,6495.01
75431,37715.50,121597.0893,214323.3597,35720.56,California,113472.9515,11347.30
79191,39595.50,122152.3832,221578.2899,36929.71,New York,116685.0871,11668.51
76485,38242.50,121752.7488,216357.0555,36059.51,Florida,114373.3746,11437.34
58814,29407.00,119143.015,182260.8128,30376.80,California,99277.19183,9927.72
71364,35682.00,120996.4562,206476.0721,34412.68,New York,109998.5485,10999.85
88650,44325.00,123549.3314,239829.4563,39971.58,California,124765.8292,12476.58
133587,66793.50,130185.8323,326535.5205,54422.59,California,163155.1205,16315.51
112125,56062.50,127016.2263,285124.5329,47520.76,Florida,144820.3191,14482.03
106384,53192.00,126168.3693,274047.2577,45674.54,New York,139915.8323,13991.58
1681,840.50,110705.3533,72022.53327,12003.76,Florida,50468.96294,5046.90
50720,25360.00,117947.6562,166643.4177,27773.90,New York,92362.55748,9236.26
128215,64107.50,129392.4708,316170.2318,52695.04,California,158565.8673,15856.59
35274,17637.00,115666.5206,136840.3185,22806.72,Florida,79167.17296,7916.72
64229,32114.50,119942.7269,192709.0701,32118.18,New York,103903.1796,10390.32
57750,28875.00,118985.8787,180207.8219,30034.64,California,98368.22581,9836.82
155883,77941.50,133478.6071,369555.7134,61592.62,Florida,182202.4009,18220.24
24815,12407.50,114121.8878,116659.6494,19443.27,California,70232.13951,7023.21
5210,2605.00,111226.5321,78831.74841,13138.62,Florida,53483.75718,5348.38
83476,41738.00,122785.2115,229846.2091,38307.70,California,120345.7256,12034.57
110481,55240.50,126773.4329,281952.4304,46992.07,Florida,143415.8641,14341.59
9079,4539.50,111797.9237,86296.99447,14382.83,New York,56789.0105,5678.90
72359,36179.50,121143.4023,208395.9273,34732.65,California,110848.5685,11084.86
111501,55750.50,126924.0712,283920.5232,47320.09,New York,144287.2413,14428.72
48082,24041.00,117558.0644,161553.3895,26925.56,Florida,90108.93684,9010.89
42770,21385.00,116773.564,151303.871,25217.31,New York,85570.94108,8557.09
58265,29132.50,119061.9362,181201.5158,30200.25,California,98808.18587,9880.82
15132,7566.00,112691.8583,97976.2745,16329.38,New York,61960.03617,6196.00
92114,46057.00,124060.9107,246513.2537,41085.54,Florida,127725.0945,12772.51
24874,12437.00,114130.6012,116773.4901,19462.25,Florida,70282.5427,7028.25
129228,64614.00,129542.0753,318124.8181,53020.80,New York,159431.2644,15943.13
2296,1148.00,110796.1793,73209.17745,12201.53,California,50994.35213,5099.44
40501,20250.50,116438.4678,146925.8293,24487.64,Florida,83632.55396,8363.26
46177,23088.50,117276.7253,157877.6868,26312.95,New York,88481.51178,8848.15
139729,69864.50,131092.9108,338386.5263,56397.75,Florida,168402.1781,16840.22
45282,22641.00,117144.5476,156150.7818,26025.13,New York,87716.921,8771.69
145719,72859.50,131977.5413,349944.2476,58324.04,Florida,173519.3834,17351.94
150394,75197.00,132667.9666,358964.6729,59827.45,New York,177513.1956,17751.32
154778,77389.00,133315.4157,367423.6129,61237.27,California,181258.409,18125.84
82971,41485.50,122710.6308,228871.8103,38145.30,Florida,119914.3085,11991.43
120814,60407.00,128299.4574,301889.9821,50315.00,California,152243.2568,15224.33
109821,54910.50,126675.9611,280678.9586,46779.83,New York,142852.0318,14285.20
149129,74564.50,132481.1456,356523.8519,59420.64,Florida,176432.517,17643.25
135073,67536.50,130405.2915,329402.7615,54900.46,California,164424.5975,16442.46
9628,4814.00,111879.0025,87356.29147,14559.38,New York,57258.01646,5725.80
150311,75155.50,132655.7088,358804.5242,59800.75,California,177442.2894,17744.23
117241,58620.50,127771.7805,294995.8688,49165.98,California,149190.8738,14919.09
95584,47792.00,124573.3761,253208.6282,42201.44,Florida,130689.4855,13068.95
69018,34509.00,120649.9882,201949.4587,33658.24,California,107994.381,10799.44
72838,36419.00,121214.1432,209320.1591,34886.69,New York,111257.774,11125.78
87391,43695.50,123363.3966,237400.2123,39566.70,California,123690.2763,12369.03
133567,66783.50,130182.8786,326496.9304,54416.16,New York,163138.0347,16313.80
49559,24779.50,117776.1945,164403.265,27400.54,Florida,91370.72519,9137.07
137973,68986.50,130833.5767,334998.3195,55833.05,California,166902.0425,16690.20
7736,3868.00,111599.5833,83705.6723,13950.95,New York,55641.69719,5564.17
10707,5353.50,112038.3541,89438.22492,14906.37,California,58179.79685,5817.98
125850,62925.00,129043.1969,311606.9579,51934.49,New York,156545.4682,15654.55
65352,32676.00,120108.5766,194875.9016,32479.32,California,104862.5488,10486.25
154992,77496.00,133347.0202,367836.5264,61306.09,Florida,181441.2273,18144.12
135611,67805.50,130484.7458,330440.834,55073.47,New York,164884.2062,16488.42
98169,49084.50,124955.1407,258196.3928,43032.73,Florida,132897.8287,13289.78
38099,19049.50,116083.7295,142291.1637,23715.19,New York,81580.54608,8158.05
91798,45899.00,124014.2424,245903.5309,40983.92,California,127455.1384,12745.51
78442,39221.00,122041.7675,220133.0924,36688.85,Florida,116045.2229,11604.52
131802,65901.00,129922.2153,323091.3581,53848.56,New York,161630.2104,16163.02
107178,53589.00,126285.6308,275579.2829,45929.88,California,140594.1397,14059.41
2626,1313.00,110844.9152,73845.91335,12307.65,Florida,51276.26828,5127.63
84533,42266.50,122941.3141,231885.6935,38647.62,California,121248.7116,12124.87
19707,9853.50,113367.5151,106803.7495,17800.62,Florida,65868.41919,6586.84
13123,6561.50,112395.16,94099.90352,15683.32,California,60243.7648,6024.38
3797,1898.50,111017.8538,76105.36105,12684.23,Florida,52276.64348,5227.66
132703,66351.50,130055.2791,324829.8401,54138.31,New York,162399.9269,16239.99
22449,11224.50,113772.4662,112094.446,18682.41,California,68210.88613,6821.09
83026,41513.00,122718.7535,228977.9329,38162.99,New York,119961.2945,11996.13
27654,13827.00,114541.1643,122137.5077,20356.25,Florida,72657.47271,7265.75
156793,78396.50,133613.0001,371311.5609,61885.26,New York,182979.8061,18297.98
73771,36885.50,121351.9329,211120.3851,35186.73,California,112054.8279,11205.48
29469,14734.50,114809.2117,125639.5552,20939.93,New York,74208.01155,7420.80
134963,67481.50,130389.0462,329190.5162,54865.09,Florida,164330.6254,16433.06
146580,73290.00,132104.6977,351605.5495,58600.92,Florida,174254.9283,17425.49
82465,41232.50,122635.9024,227895.4819,37982.58,New York,119482.037,11948.20
80306,40153.00,122317.0515,223729.6855,37288.28,California,117637.622,11763.76
130189,65094.50,129684.0001,319979.0702,53329.85,Florida,160252.2384,16025.22
120735,60367.50,128287.7904,301737.5514,50289.59,New York,152175.7678,15217.58
67191,33595.50,120380.1685,198424.2572,33070.71,Florida,106433.5906,10643.36
83593,41796.50,122802.4906,230071.961,38345.33,New York,120445.6777,12044.57
108131,54065.50,126426.3742,277418.099,46236.35,Florida,141408.2794,14140.83
3574,1787.00,110984.9202,75675.08194,12612.51,New York,52086.1365,5208.61
98311,49155.50,124976.1119,258470.3821,43078.40,California,133019.1381,13301.91
145072,72536.00,131881.9894,348695.8593,58115.98,Florida,172966.6569,17296.67
133439,66719.50,130163.975,326249.9541,54374.99,California,163028.6854,16302.87
70521,35260.50,120871.9581,204849.5013,34141.58,New York,109278.3809,10927.84
111317,55658.50,126896.8972,283565.4947,47260.92,Florida,144130.0517,14413.01
106821,53410.50,126232.9075,274890.4504,45815.08,California,140289.1577,14028.92
107973,53986.50,126403.0401,277113.2375,46185.54,New York,141273.3013,14127.33
10488,5244.00,112006.0112,89015.66382,14835.94,California,57992.70704,5799.27
90061,45030.50,123757.7143,242551.9846,40425.33,California,125971.2343,12597.12
83918,41959.00,122850.4881,230699.0493,38449.84,Florida,120723.3224,12072.33
93580,46790.00,124277.4163,249341.9047,41556.98,California,128977.4856,12897.75
18947,9473.50,113255.2749,105337.3274,17556.22,New York,65219.15775,6521.92
60133,30066.50,119337.8109,184805.8269,30800.97,California,100404.0021,10040.40
150860,75430.00,132736.7876,359863.8212,59977.30,New York,177911.2954,17791.13
103957,51978.50,125809.9389,269364.3546,44894.06,Florida,137842.4672,13784.25
92330,46165.00,124092.8106,246930.0263,41155.00,California,127909.6214,12790.96
123073,61536.50,128633.0769,306248.7288,51041.45,New York,154173.101,15417.31
142001,71000.50,131428.4501,342770.3565,57128.39,California,170343.1281,17034.31
12564,6282.00,112312.6043,93021.31149,15503.55,California,59766.21593,5976.62
48789,24394.50,117662.4774,162917.5479,27152.92,Florida,90712.92084,9071.29
51795,25897.50,118106.4171,168717.6331,28119.61,New York,93280.9207,9328.09
44496,22248.00,117028.4676,154634.1927,25772.37,Florida,87045.44798,8704.54
35278,17639.00,115667.1113,136848.0365,22808.01,New York,79170.59013,7917.06
155044,77522.00,133354.6998,367936.8606,61322.81,California,181485.6505,18148.57
146775,73387.50,132133.4962,351981.8025,58663.63,Florida,174421.5151,17442.15
17432,8716.00,113031.5328,102414.1308,17069.02,New York,63924.90632,6392.49
107612,53806.00,126349.7259,276416.687,46069.45,California,140964.9022,14096.49
7214,3607.00,111522.492,82698.47188,13783.08,Florida,55195.75709,5519.58
107501,53750.50,126333.333,276202.5122,46033.75,California,140870.0758,14087.01
141301,70650.50,131325.0709,341419.7045,56903.28,Florida,169745.1241,16974.51
40281,20140.50,116405.9772,146501.3387,24416.89,California,83444.60985,8344.46
159196,79598.00,133967.886,375948.1559,62658.03,Florida,185032.6682,18503.27
139547,69773.50,131066.0322,338035.3568,56339.23,New York,168246.6971,16824.67
125783,62891.50,129033.302,311477.6812,51912.95,California,156488.2307,15648.82
121583,60791.50,128413.0269,303373.7697,50562.29,New York,152900.2069,15290.02
138546,69273.00,130918.2,336103.9245,56017.32,Florida,167391.5514,16739.16
133671,66835.50,130198.2378,326697.5987,54449.60,New York,163226.881,16322.69
95277,47638.50,124528.037,252616.2709,42102.71,California,130427.2181,13042.72
44700,22350.00,117058.5952,155027.8112,25837.97,New York,87219.72342,8721.97
89471,44735.50,123670.5804,241413.578,40235.60,Florida,125467.2024,12546.72
146162,73081.00,132042.9656,350799.0173,58466.50,Florida,173897.8345,17389.78
109909,54954.50,126688.9574,280848.7548,46808.13,New York,142927.2094,14292.72
31984,15992.00,115180.6384,130492.2545,21748.71,California,76356.55435,7635.66
127797,63898.50,129330.7387,315363.6997,52560.62,Florida,158208.7735,15820.88
21890,10945.00,113689.9105,111015.854,18502.64,New York,67733.33725,6773.33
56547,28273.50,118808.2141,177886.6301,29647.77,Florida,97340.51329,9734.05
142143,71071.50,131449.4213,343044.3458,57174.06,New York,170464.4375,17046.44
83936,41968.00,122853.1464,230733.7804,38455.63,Florida,120738.6997,12073.87
117801,58900.50,127854.4839,296076.3904,49346.07,New York,149669.2769,14966.93
35679,17839.50,115726.3328,137621.7671,22936.96,California,79513.16096,7951.32
139429,69714.50,131048.6054,337807.6754,56301.28,Florida,168145.8907,16814.59
142144,71072.00,131449.569,343046.2753,57174.38,California,170465.2918,17046.53
89706,44853.00,123705.2863,241867.0112,40311.17,New York,125667.9609,12566.80
17219,8609.50,113000.0759,102003.1467,17000.52,Florida,63742.94226,6374.29
129179,64589.50,129534.8387,318030.2724,53005.05,California,159389.4041,15938.94
27903,13951.50,114577.9377,122617.9539,20436.33,New York,72870.19126,7287.02
88429,44214.50,123516.6931,239403.0362,39900.51,California,124577.0308,12457.70
149794,74897.00,132579.3559,357806.9712,59634.50,California,177000.6208,17700.06
137595,68797.50,130777.752,334268.9674,55711.49,Florida,166579.1203,16657.91
110391,55195.50,126760.1413,281778.7751,46963.13,California,143338.9779,14333.90
141217,70608.50,131312.6654,341257.6263,56876.27,New York,169673.3637,16967.34
29605,14802.50,114829.2968,125901.9675,20983.66,California,74324.19518,7432.42
158771,79385.50,133905.1201,375128.1173,62521.35,New York,184669.5944,18466.96
101859,50929.50,125500.0967,265316.2578,44219.38,Florida,136050.1639,13605.02
158592,79296.00,133878.6846,374782.7363,62463.79,California,184516.6762,18451.67
53884,26942.00,118414.9302,172748.3643,28791.39,New York,95065.53537,9506.55
142240,71120.00,131463.7467,343231.5076,57205.25,California,170547.3037,17054.73
113736,56868.00,127254.1462,288232.9618,48038.83,New York,146196.5825,14619.66
70598,35299.00,120883.3298,204998.073,34166.35,California,109344.1613,10934.42
118793,59396.50,128000.987,297990.4571,49665.08,Florida,150516.734,15051.67
7888,3944.00,111622.0314,83998.95672,13999.83,New York,55771.54948,5577.15
45710,22855.00,117207.7566,156976.609,26162.77,Florida,88082.55771,8808.26
71222,35611.00,120975.485,206202.0827,34367.01,New York,109877.2392,10987.72
159477,79738.50,134009.3854,376490.3462,62748.39,California,185272.7241,18527.27
46307,463070.00,117295.9243,158128.5221,1581285.22,Florida,88592.56966,88592569.66
44151,441510.00,116977.5164,153968.5142,1539685.14,New York,86750.71746,86750717.46
58725,587250.00,119129.8711,182089.087,1820890.87,California,99201.1599,99201159.90
57267,572670.00,118914.547,179275.8721,1792758.72,Florida,97955.60308,97955603.08
135390,67695.00,130452.1075,330014.4139,55002.40,California,164695.4079,16469.54
145733,72866.50,131979.6089,349971.2607,58328.54,Florida,173531.3435,17353.13
71791,35895.50,121059.5175,207299.9697,34549.99,California,110363.331,11036.33
111381,55690.50,126906.349,283688.9828,47281.50,Florida,144184.7263,14418.47
62904,31452.00,119747.0449,190152.479,31692.08,New York,102771.2435,10277.12
45209,22604.50,117133.7666,156009.9281,26001.65,California,87654.55773,8765.46
154595,77297.50,133288.3894,367070.5139,61178.42,New York,181102.0736,18110.21
18651,9325.50,113211.5602,104766.1946,17461.03,Florida,64966.2875,6496.63
153606,76803.00,133142.3294,365162.2357,60860.37,New York,180257.1795,18025.72
107173,53586.50,126284.8924,275569.6353,45928.27,California,140589.8682,14058.99
26618,13309.00,114388.1631,120138.5429,20023.09,New York,71772.42685,7177.24
33472,16736.00,115400.393,133363.3546,22227.23,Florida,77627.73991,7762.77
2638,1319.00,110846.6874,73869.06738,12311.51,Florida,51286.51978,5128.65
37255,18627.50,115959.0837,140662.6634,23443.78,New York,80859.52417,8085.95
43391,21695.50,116865.2761,152502.0922,25417.02,California,86101.45602,8610.15
97670,48835.00,124881.4461,257233.5709,42872.26,Florida,132471.5373,13247.15
1634,817.00,110698.4122,71931.84664,11988.64,New York,50428.81124,5042.88
58986,29493.00,119168.4168,182592.6873,30432.11,Florida,99424.12995,9942.41
56671,28335.50,118826.527,178125.8884,29687.65,New York,97446.44542,9744.64
105205,52602.50,125994.2492,271772.374,45295.40,Florida,138908.6228,13890.86
116004,58002.00,127589.0947,292609.074,48768.18,New York,148134.1153,14813.41
128926,64463.00,129497.4746,317542.1083,52923.68,California,159173.2684,15917.33
38859,19429.50,116195.9697,143757.5858,23959.60,Florida,82229.80752,8222.98
60549,30274.50,119399.2477,185608.5,30934.75,California,100759.3874,10075.94
75398,37699.00,121592.2157,214259.6861,35709.95,New York,113444.7599,11344.48
15801,7900.50,112790.6592,99267.11183,16544.52,Florida,62531.55709,6253.16
44574,22287.00,117039.987,154784.6939,25797.45,California,87112.08271,8711.21
93601,46800.50,124280.5176,249382.4243,41563.74,New York,128995.4258,12899.54
5404,2702.00,111255.1829,79206.07194,13201.01,California,53649.48971,5364.95
64529,32264.50,119987.0323,193287.9209,32214.65,California,104159.467,10415.95
17495,8747.50,113040.8369,102535.6895,17089.28,Florida,63978.72668,6397.87
138565,69282.50,130921.006,336140.5851,56023.43,California,167407.783,16740.78
79095,39547.50,122138.2055,221393.0577,36898.84,New York,116603.0751,11660.31
136431,68215.50,130605.8471,332023.0262,55337.17,California,165584.7252,16558.47
46477,23238.50,117321.0307,158456.5376,26409.42,New York,88737.79919,8873.78
121576,60788.00,128411.9931,303360.2632,50560.04,Florida,152894.2269,15289.42
18421,9210.50,113177.5928,104322.409,17387.07,California,64769.80049,6476.98
2682,1341.00,110853.1856,73953.9655,12325.66,New York,51324.1086,5132.41
9405,4702.50,111846.0688,86926.01236,14487.67,California,57067.50948,5706.75
20279,10139.50,113451.9907,107907.4251,17984.57,California,66357.07385,6635.71
25990,12995.00,114295.4172,118926.8152,19821.14,Florida,71235.93187,7123.59
137404,68702.00,130749.5442,333900.4324,55650.07,New York,166415.9507,16641.60
9869,4934.50,111914.5945,87821.30163,14636.88,Florida,57463.90068,5746.39
37191,18595.50,115949.6319,140539.1752,23423.20,New York,80804.84952,8080.48
25600,12800.00,114237.8202,118174.3091,19695.72,California,70902.75824,7090.28
129013,12901300.00,129510.3231,317709.975,3177099.75,Florida,159247.5918,159247591.80
74278,7427800.00,121426.809,212098.643,2120986.43,New York,112487.9536,112487953.60
78694,7869400.00,122078.984,220619.3271,2206193.27,California,116260.5043,116260504.30
85315,8531500.00,123056.8034,233394.5647,2333945.65,Florida,121916.7675,121916767.50
131636,13163600.00,129897.6997,322771.0607,3227710.61,California,161488.398,161488398.00
131599,13159900.00,129892.2354,322699.6691,3226996.69,Florida,161456.7893,161456789.30
148644,14864400.00,132409.5186,355588.0431,3555880.43,California,176018.1857,176018185.70
80987,8098700.00,122417.6247,225043.6768,2250436.77,Florida,118219.3944,118219394.40
100610,10061000.00,125315.6387,262906.3089,2629063.09,New York,134983.154,134983154.00
153748,15374800.00,133163.3006,365436.225,3654362.25,California,180378.4888,180378488.80
106158,10615800.00,126134.9926,273611.1901,2736111.90,New York,139722.7625,139722762.50
41374,4137400.00,116567.3964,148610.2852,1486102.85,Florida,84378.35032,84378350.32
152109,15210900.00,132921.2456,362273.7701,3622737.70,New York,178978.3053,178978305.30
57182,5718200.00,118901.9938,179111.8643,1791118.64,California,97882.98831,97882988.31
6906,690600.00,111477.0051,82104.18504,821041.85,New York,54932.63535,54932635.35
53981,5398100.00,118429.2556,172935.5261,1729355.26,Florida,95148.40164,95148401.64
66959,6695900.00,120345.9057,197976.6125,1979766.13,Florida,106235.395,106235395.00
64124,6412400.00,119927.22,192506.4723,1925064.72,New York,103813.479,103813479.00
100306,10030600.00,125270.7426,262319.7401,2623197.40,California,134723.4494,134723449.40
146708,14670800.00,132123.6013,351852.5258,3518525.26,Florida,174364.2776,174364277.60
39202,3920200.00,116246.6255,144419.4052,1444194.05,New York,82522.82946,82522829.46
19561,1956100.00,113345.9532,106522.0421,1065220.42,Florida,65743.69265,65743692.65
55658,5565800.00,118676.9226,176171.3022,1761713.02,New York,96581.04826,96581048.26
24723,2472300.00,114108.3008,116482.1352,1164821.35,Florida,70153.5447,70153544.70
52176,5217600.00,118162.6849,169452.7737,1694527.74,New York,93606.40571,93606405.71
120402,12040200.00,128238.6114,301095.027,3010950.27,California,151891.2888,151891288.80
35429,17714.50,115689.4117,137139.3914,22856.57,Florida,79299.58812,7929.96
40408,20204.00,116424.7331,146746.3855,24457.73,California,83553.10486,8355.31
13599,6799.50,112465.4579,95018.34682,15836.39,New York,60650.40749,6065.04
86851,43425.50,123283.6469,236358.2809,39393.05,Florida,123228.959,12322.90
4037,2018.50,111053.2981,76568.4417,12761.41,California,52481.67341,5248.17
131611,65805.50,129894.0076,322722.8231,53787.14,New York,161467.0408,16146.70
68653,34326.50,120596.0834,201245.1902,33540.87,California,107682.5646,10768.26
107094,53547.00,126273.2253,275417.2046,45902.87,California,140522.3792,14052.24
62140,31070.00,119634.2139,188678.3389,31446.39,Florida,102118.5649,10211.86
9494,4747.00,111859.2128,87097.73811,14516.29,California,57143.54142,5714.35
128989,64494.50,129506.7787,317663.6669,52943.94,New York,159227.0888,15922.71
134194,67097.00,130275.4768,327706.7286,54617.79,California,163673.6754,16367.37
126960,63480.00,129207.1267,313748.7059,52291.45,New York,157493.7316,15749.37
49855,24927.50,117819.9091,164974.3978,27495.73,Florida,91623.59544,9162.36
127494,63747.00,129285.9903,314779.0603,52463.18,California,157949.9232,15794.99
53778,26889.00,118399.2756,172543.837,28757.31,New York,94974.98049,9497.50
116989,58494.50,127734.564,294509.6342,49084.94,California,148975.5923,14897.56
128157,64078.50,129383.9051,316058.3207,52676.39,New York,158516.3184,15851.63
72165,36082.50,121114.7515,208021.6037,34670.27,California,110682.8359,11068.28
114314,57157.00,127339.5078,289348.2144,48224.70,Florida,146690.3629,14669.04
11205,5602.50,112111.901,90399.11728,15066.52,New York,58605.23395,5860.52
83554,41777.00,122796.7309,229996.7104,38332.79,Florida,120412.3603,12041.24
131981,65990.50,129948.6509,323436.7391,53906.12,New York,161783.1286,16178.31
32137,16068.50,115203.2341,130787.4684,21797.91,California,76487.26093,7648.73
54016,27008.00,118434.4245,173003.0587,28833.84,Florida,95178.30183,9517.83
64613,32306.50,119999.4378,193449.9991,32241.67,New York,104231.2275,10423.12
11624,5812.00,112173.7809,91207.57892,15201.26,California,58963.18204,5896.32
31587,15793.50,115122.0076,129726.2419,21621.04,Florida,76017.40068,7601.74
12608,6304.00,112319.1025,93106.20961,15517.70,California,59803.80475,5980.38
94359,47179.50,124392.4625,250844.9874,41807.50,Florida,129642.9786,12964.30
2307,1153.50,110797.8039,73230.40198,12205.07,California,51003.74933,5100.37
33161,16580.50,115354.4631,132763.2792,22127.21,Florida,77362.05529,7736.21
159746,79873.00,134049.1125,377009.3824,62834.90,New York,185502.5285,18550.25
154187,77093.50,133228.1341,366283.2767,61047.21,California,180753.5228,18075.35
144520,72260.00,131800.4675,347630.7738,57938.46,New York,172495.0881,17249.51
106777,53388.50,126226.4093,274805.5523,45800.93,Florida,140251.5689,14025.16
16459,8229.50,112887.8357,100536.7246,16756.12,New York,63093.68082,6309.37
143258,71629.00,131614.0896,345195.7414,57532.62,California,171416.9724,17141.70
73490,36745.00,121310.4336,210578.1949,35096.37,New York,111814.772,11181.48
87369,43684.50,123360.1475,237357.7633,39559.63,Florida,123671.4819,12367.15
51353,25676.50,118041.1406,167864.7929,27977.47,Florida,92903.32391,9290.33
66049,33024.50,120211.5128,196220.765,32703.46,New York,105457.9899,10545.80
29723,14861.50,114846.7236,126129.6488,21021.61,California,74425.00156,7442.50
146120,73060.00,132036.7628,350717.9782,58453.00,Florida,173861.9543,17386.20
15440,7720.00,112737.3451,98570.56134,16428.43,New York,62223.15791,6222.32
13856,6928.00,112503.4128,95514.22902,15919.04,Florida,60869.96038,6087.00
71829,35914.50,121065.1295,207373.2908,34562.22,New York,110395.794,11039.58
131154,65577.00,129826.5157,321841.0403,53640.17,Florida,161076.6296,16107.66
68679,34339.50,120599.9232,201295.3572,33549.23,New York,107704.7762,10770.48
108056,54028.00,126415.2979,277273.3863,46212.23,California,141344.2075,14134.42
140149,70074.50,131154.9383,339196.9174,56532.82,Florida,168760.9805,16876.10
56850,28425.00,118852.9626,178471.2694,29745.21,California,97599.36358,9759.94
47438,23719.00,117462.9555,160310.7897,26718.46,New York,89558.7732,8955.88
58867,29433.50,119150.8423,182363.0764,30393.85,Florida,99322.46927,9932.25
12914,6457.00,112364.2939,93696.63744,15616.11,California,60065.21791,6006.52
62574,31287.00,119698.3089,189515.7431,31585.96,New York,102489.3274,10248.93
53106,26553.00,118300.0316,171247.2112,28541.20,California,94400.89669,9440.09
123537,61768.50,128701.6025,307144.018,51190.67,California,154569.4922,15456.95
48901,24450.50,117679.018,163133.6522,27188.94,Florida,90808.60147,9080.86
105143,52571.50,125985.0928,271652.7448,45275.46,California,138855.6568,13885.57
63615,31807.50,119852.0486,191524.3554,31920.73,New York,103378.6447,10337.86
100405,50202.50,125285.3634,262510.7609,43751.79,California,134808.0242,13480.80
41289,4128900.00,116554.8432,148446.2774,1484462.77,New York,84305.73556,84305735.56
39970,3997000.00,116360.0473,145901.2633,1459012.63,Florida,83178.92524,83178925.24
43532,4353200.00,116886.0996,152774.1521,1527741.52,Florida,86221.9111,86221911.10
136133,13613300.00,130561.8371,331448.0344,3314480.34,California,165330.1463,165330146.30
131106,13110600.00,129819.4269,321748.4242,3217484.24,New York,161035.6236,161035623.60
105127,10512700.00,125982.7298,271621.8728,2716218.73,Florida,138841.9881,138841988.10
46798,4679800.00,117368.4374,159075.908,1590759.08,California,89012.02672,89012026.72
97209,9720900.00,124813.3635,256344.0701,2563440.70,New York,132077.709,132077709.00
54135,5413500.00,118451.999,173232.6695,1732326.70,California,95279.96251,95279962.51
134970,13497000.00,130390.08,329204.0228,3292040.23,California,164336.6055,164336605.50
100275.47,10027547.00,241926.31,227142.82,2271428.20,California,413956.48,413956480.00
128456.23,12845623.00,321652.14,281692.32,2816923.20,California,333962.19,333962190.00
161181.72,16118172.00,270939.86,295442.17,2954421.70,New York,476485.43,476485430.00
